original,quantized,pruned,distilled
0.67,0.16,0.63,0.78
514.6191902160645,188.03518676757812,514.6191902160645,313.27934646606445
19.25,1090.49,19.61,11.13
2527.01,,2527.01,2527.03
0.0,0.0,0.0,0.0
