model,accuracy,auc,f1_macro,f1_weighted,confusion_matrix,size_MB,inference_time_ms_cpu,inference_time_ms_gpu
original,0.6627172195892576,0.8886723791135136,0.6746321819867723,0.6636891963374162,"[[405 162  10  15   0]
 [117 704  78 124  18]
 [  6  91 439  78   5]
 [ 18 175  63 563 128]
 [  5  28   2 158 406]]",514.6191902160645,2479.02,8.21
quantized,0.17008952080042128,0.6335501603542089,0.06806404699105731,0.06102557550527825,"[[   0   73  519    0    0]
 [   0   29 1011    1    0]
 [   0    3  616    0    0]
 [   0   28  918    1    0]
 [   0   24  568    7    0]]",188.04985427856445,1703.13,
pruned,0.6161137440758294,0.8669281857505057,0.6223700546223025,0.6159673069338452,"[[256 302   9  22   3]
 [ 54 687  98 168  34]
 [  2  78 416 118   5]
 [  7 170  60 585 125]
 [  0  33   2 168 396]]",487.59282302856445,2860.81,7.77
distilled,0.7614533965244866,0.9295020139323393,0.7685876465536576,0.762153712220063,"[[500  74   2   2  14]
 [111 753  21  98  58]
 [  3  63 457  64  32]
 [  6  70  30 670 171]
 [  2   8   0  77 512]]",313.27934646606445,1519.21,4.26
