model,accuracy,auc,f1_macro,f1_weighted,confusion_matrix,size_MB,inference_time_ms
original,0.6833333333333333,0.9311044942954055,0.6892418811773651,0.6870954165309002,"[[ 8  5  0  1  0]
 [ 0 11  1  0  0]
 [ 0  2  6  1  0]
 [ 0  1  0  8  3]
 [ 0  0  0  5  8]]",1278.4922065734863,32.72
quantized,0.21666666666666667,0.6425805694618274,0.1763817577771066,0.1620960434913923,"[[ 0  4  4  6  0]
 [ 0  4  2  6  0]
 [ 0  2  4  3  0]
 [ 0  0  7  5  0]
 [ 0  0  2 11  0]]",121.64455032348633,4006.38
pruned,0.6833333333333333,0.931287788781871,0.6885351966873705,0.6848516218081435,"[[ 7  6  0  1  0]
 [ 0 11  1  0  0]
 [ 0  2  6  1  0]
 [ 0  1  0  9  2]
 [ 0  0  0  5  8]]",1278.4922065734863,31.86
distilled,0.7,0.9285417535808649,0.6903573463573464,0.7001595441595441,"[[12  1  0  1  0]
 [ 2  9  0  1  0]
 [ 0  4  4  1  0]
 [ 0  1  0  8  3]
 [ 0  0  0  4  9]]",255.42580032348633,4.64
