original,quantized,pruned,distilled
0.61,0.31,0.65,0.79
1278.4922065734863,121.625,1278.4922065734863,255.42580032348633
33.2,463.12,31.52,4.32
4630.32,,4630.32,4630.22
0.0,0.0,0.0,0.0
